{
  "title": "IMG_20200613_132622.jpg",
  "description": "",
  "imageViews": "0",
  "creationTime": {
    "timestamp": "1592079874",
    "formatted": "Jun 13, 2020, 8:24:34 PM UTC"
  },
  "modificationTime": {
    "timestamp": "1606588001",
    "formatted": "Nov 28, 2020, 6:26:41 PM UTC"
  },
  "geoData": {
    "latitude": 0.0,
    "longitude": 0.0,
    "altitude": 0.0,
    "latitudeSpan": 0.0,
    "longitudeSpan": 0.0
  },
  "geoDataExif": {
    "latitude": 0.0,
    "longitude": 0.0,
    "altitude": 0.0,
    "latitudeSpan": 0.0,
    "longitudeSpan": 0.0
  },
  "photoTakenTime": {
    "timestamp": "1592076384",
    "formatted": "Jun 13, 2020, 7:26:24 PM UTC"
  },
  "googlePhotosOrigin": {
    "mobileUpload": {
      "deviceFolder": {
        "localFolderName": ""
      },
      "deviceType": "ANDROID_PHONE"
    }
  }
}